Date,Open,High,Low,Close,Volume
2019-07-26,136.63,141.675,134.67,141.34,412494800
2019-06-28,123.85,138.4,119.01,133.96,508324017
2019-05-31,130.53,130.65,123.04,123.68,547217986
2019-04-30,118.95,131.37,118.1,130.6,433157427
2019-03-29,112.89,120.82,108.8,117.94,589044900
2019-02-28,103.775,113.24,102.35,112.03,469095571
2019-01-31,99.55,107.9,97.2,104.43,714204346
2018-12-31,113.0,113.42,93.96,101.57,944287236
2018-11-30,107.05,112.24,99.3528,110.89,720228202
2018-10-31,114.75,116.18,100.11,106.81,927547459
2018-09-28,110.85,115.29,107.23,114.37,480255275
2018-08-31,106.03,112.777,104.84,112.33,456630238
2018-07-31,98.1,111.15,98.0,106.08,569501132
2018-06-29,99.2798,102.69,97.26,98.61,602584900
2018-05-31,93.21,99.99,92.45,98.84,509417657
2018-04-30,90.47,97.9,87.51,93.52,668258129
2018-03-29,93.99,97.24,87.08,91.27,732865965
2018-02-28,94.79,96.07,83.83,93.77,690287197
2018-01-31,86.125,95.45,85.5,95.01,543376881
2017-12-29,83.6,87.4999,80.7,85.54,447827836
2017-11-30,83.68,85.06,82.24,84.17,416151819
2017-10-31,74.71,86.2,73.71,83.18,440509656
2017-09-29,74.71,75.97,72.92,74.49,367133976
2017-08-31,73.1,74.96,71.28,74.77,429156199
2017-07-31,69.33,74.42,68.02,72.7,451248514
2017-06-30,70.24,72.89,68.09,68.93,610120431
2017-05-31,68.68,70.74,67.14,69.84,505248834
2017-04-28,65.81,69.14,64.85,68.46,428857214
2017-03-31,64.13,66.19,63.62,65.86,489172717
2017-02-28,64.355,65.24,62.75,63.98,440743644
2017-01-31,62.79,65.91,61.95,64.65,494435406
2016-12-30,60.11,64.1,58.8,62.14,513578987
2016-11-30,59.97,61.41,57.28,60.26,613056523
2016-10-31,57.405,61.3699,56.315,59.92,614841334
2016-09-30,57.01,58.19,55.61,57.6,526854642
2016-08-31,56.6,58.7,56.14,57.46,467078521
2016-07-29,51.13,57.29,50.39,56.68,647587214
2016-06-30,52.44,52.95,48.035,51.17,823987036
2016-05-31,50.0,53.0,49.46,53.0,530868906
2016-04-29,55.05,56.77,49.35,49.87,699025199
2016-03-31,50.97,55.64,50.58,55.23,640371888
2016-02-29,54.88,55.09,48.19,50.88,814770360
2016-01-29,54.32,55.39,49.1,55.09,927914086
2015-12-31,54.41,56.85,53.68,55.48,793069538
2015-11-30,52.85,54.98,52.53,54.35,662621800
2015-10-30,44.75,54.37,43.75,52.64,857330193
2015-09-30,42.23,45.0,41.66,44.26,670779125
2015-08-31,46.98,48.41,39.72,43.52,776276953
2015-07-31,44.46,47.4,43.32,46.7,725457640
2015-06-30,47.06,47.77,43.94,44.15,664852878
2015-05-29,48.58,48.905,46.02,46.86,633072330
2015-04-30,40.6,49.54,40.12,48.64,874534654
2015-03-31,43.67,44.19,40.54,40.655,824334878
2015-02-27,40.59,44.3,40.23,43.85,656509428
2015-01-30,46.66,47.91,40.35,40.4,918737602
2014-12-31,47.88,49.06,44.9,46.45,626810144
2014-11-28,46.89,50.045,46.73,47.81,523007841
2014-10-31,46.27,46.97,42.1,46.95,853296576
2014-09-30,45.43,47.57,44.53,46.36,860084091
2014-08-29,43.21,45.47,42.21,45.43,513428959
2014-07-31,41.86,45.71,41.05,43.16,731616038
2014-06-30,40.95,42.29,39.86,41.7,555779259
2014-05-30,40.2401,40.97,38.51,40.94,574362459
2014-04-30,41.15,41.66,38.9,40.4,746113059
2014-03-31,37.92,41.5,37.495,40.99,778425259
2014-02-28,37.74,38.46,35.69,38.31,705304101
2014-01-31,37.35,37.89,34.63,37.84,930225759
2013-12-31,38.09,38.98,35.53,37.41,826617259
2013-11-29,35.67,38.29,35.39,38.13,800431180
2013-10-31,33.35,36.29,32.8,35.405,965331017
2013-09-30,31.75,33.75,30.95,33.28,1242961080
2013-08-30,32.06,35.2,30.84,33.4,1051264538
2013-07-31,34.75,36.4299,31.02,31.84,1111130138
2013-06-28,34.92,35.78,32.57,34.545,945155080
2013-05-31,32.93,35.28,32.32,34.9,1071859538
2013-04-30,28.64,33.11,28.11,33.1,1322882766
2013-03-28,27.72,28.66,27.52,28.605,844945580
2013-02-28,27.67,28.2,27.1,27.8,780586601
2013-01-31,27.25,28.23,26.28,27.45,1145053959
2012-12-31,26.78,27.73,26.26,26.7097,947310480
2012-11-30,28.84,30.2,26.3449,26.615,1310515659
2012-10-31,29.81,30.25,27.76,28.54,1105401859
2012-09-28,30.45,31.61,29.74,29.76,893107301
2012-08-31,29.59,30.96,28.97,30.82,671747917
2012-07-31,30.62,31.05,28.54,29.47,846603659
2012-06-29,28.76,31.14,28.32,30.59,973130959
2012-05-31,32.05,32.335,28.64,29.19,1014372138
2012-04-30,32.22,32.89,30.23,32.015,940739280
2012-03-30,31.93,32.95,31.49,32.255,942366038
2012-02-29,29.79,32.0,29.71,31.74,984331880
2012-01-31,26.55,29.95,26.39,29.53,1354857680
2011-12-30,25.56,26.19,25.16,25.96,1007166159
2011-11-30,26.19,27.2,24.3,25.58,1046206959
2011-10-31,24.72,27.5,24.26,26.63,1218142059
2011-09-30,26.46,27.5,24.6,24.89,1279919759
2011-08-31,27.51,27.685,23.79,26.6,1719339017
2011-07-29,25.93,28.145,25.84,27.4,1259327780
2011-06-30,24.99,26.0,23.65,26.0,1297757138
2011-05-31,25.94,26.25,24.03,25.01,1364062359
2011-04-29,25.53,26.87,24.72,25.92,1313844380
2011-03-31,26.6,26.78,24.68,25.39,1310884717
2011-02-28,27.8,28.34,26.43,26.58,1114368101
2011-01-31,28.05,29.46,27.42,27.725,1361258280
2010-12-31,25.57,28.4,25.56,27.91,1033709538
2010-11-30,26.88,27.49,24.93,25.2575,1361175859
2010-10-29,24.49,27.2,23.78,26.665,1281432359
2010-09-30,23.67,25.53,23.54,24.49,1273139059
2010-08-31,25.99,26.38,23.32,23.465,1279371638
2010-07-30,23.09,26.41,22.73,25.81,1408590159
2010-06-30,25.53,26.93,22.95,23.01,1671811138
2010-05-28,30.67,31.0606,24.56,25.8,1720129780
2010-04-30,29.35,31.58,28.62,30.535,1319029059
2010-03-31,28.77,30.57,28.24,29.2875,1110236717
2010-02-26,28.39,29.03,27.57,28.67,1074642901
2010-01-29,30.62,31.24,27.66,28.18,1359650501
